Fecha,Nombre_Material,Cantidad_kg,Nombre_Categoria,Operador_logistíco,Sede
2016-01-28,Plástico,326,Plásticos,Recuperar,
2016-01-28,Aluminio,24,Metales,Recuperar,
2016-01-28,Palos de Escoba,0,Otros,Recuperar,
2016-01-28,Plega,114,Papeles y Cartones,Recuperar,
2016-01-28,Plega,48,Plásticos,Recuperar,
2016-01-28,Archivo,2409,Papeles y Cartones,Recuperar,
2016-01-28,Plega,27,Papeles y Cartones,Recuperar,
2016-01-28,Periódico,372,Papeles y Cartones,Recuperar,
2016-01-28,Cartón,858,Papeles y Cartones,Recuperar,
2016-01-28,Chatarra,3230,Metales,Recuperar,
2016-01-28,Vidrio,1072,Vidrios,Recuperar,
2016-01-28,Pasta,529,Plásticos,Recuperar,
2016-02-28,Archivo,2618,Papeles y Cartones,Recuperar,
2016-02-28,Plega,242,Plásticos,Recuperar,
2016-02-28,Palos de Escoba,104,Otros,Recuperar,
2016-02-28,Plega,66,Papeles y Cartones,Recuperar,
2016-02-28,Plástico,167,Plásticos,Recuperar,
2016-02-28,Cartón,1759,Papeles y Cartones,Recuperar,
2016-02-28,Chatarra,3092,Metales,Recuperar,
2016-02-28,Periódico,814,Papeles y Cartones,Recuperar,
2016-02-28,Plega,199,Papeles y Cartones,Recuperar,
2016-02-28,Vidrio,1109,Vidrios,Recuperar,
2016-02-28,Pasta,1304,Plásticos,Recuperar,
2016-02-28,Aluminio,13,Metales,Recuperar,
2016-03-28,Aluminio,11,Metales,Recuperar,
2016-03-28,Archivo,1000,Papeles y Cartones,Recuperar,
2016-03-28,Periódico,284,Papeles y Cartones,Recuperar,
2016-03-28,Plega,22,Papeles y Cartones,Recuperar,
2016-03-28,Vidrio,436,Vidrios,Recuperar,
2016-03-28,Chatarra,87,Metales,Recuperar,
2016-03-28,Pasta,789,Plásticos,Recuperar,
2016-03-28,Plega,132,Papeles y Cartones,Recuperar,
2016-03-28,Plega,165,Plásticos,Recuperar,
2016-03-28,Plástico,132,Plásticos,Recuperar,
2016-03-28,Cartón,831,Papeles y Cartones,Recuperar,
2016-03-28,Palos de Escoba,0,Otros,Recuperar,
2016-04-28,Cartón,1180,Papeles y Cartones,Recuperar,
2016-04-28,Periódico,910,Papeles y Cartones,Recuperar,
2016-04-28,Plega,118,Papeles y Cartones,Recuperar,
2016-04-28,Plástico,313,Plásticos,Recuperar,
2016-04-28,Archivo,1553,Papeles y Cartones,Recuperar,
2016-04-28,Chatarra,1027,Metales,Recuperar,
2016-04-28,Plega,473,Plásticos,Recuperar,
2016-04-28,Pasta,1670,Plásticos,Recuperar,
2016-04-28,Aluminio,23,Metales,Recuperar,
2016-04-28,Plega,348,Papeles y Cartones,Recuperar,
2016-04-28,Vidrio,1677,Vidrios,Recuperar,
2016-04-28,Palos de Escoba,45,Otros,Recuperar,
2016-05-28,Plástico,213,Plásticos,Recuperar,
2016-05-28,Vidrio,775,Vidrios,Recuperar,
2016-05-28,Plega,109,Papeles y Cartones,Recuperar,
2016-05-28,Palos de Escoba,28,Otros,Recuperar,
2016-05-28,Archivo,1462,Papeles y Cartones,Recuperar,
2016-05-28,Cartón,1130,Papeles y Cartones,Recuperar,
2016-05-28,Periódico,830,Papeles y Cartones,Recuperar,
2016-05-28,Pasta,1368,Plásticos,Recuperar,
2016-05-28,Chatarra,3043,Metales,Recuperar,
2016-05-28,Aluminio,29,Metales,Recuperar,
2016-05-28,Plega,297,Papeles y Cartones,Recuperar,
2016-05-28,Plega,383,Plásticos,Recuperar,
2016-06-28,Periódico,181,Papeles y Cartones,Recuperar,
2016-06-28,Cartón,551,Papeles y Cartones,Recuperar,
2016-06-28,Chatarra,2672,Metales,Recuperar,
2016-06-28,Plega,35,Papeles y Cartones,Recuperar,
2016-06-28,Pasta,641,Plásticos,Recuperar,
2016-06-28,Palos de Escoba,50,Otros,Recuperar,
2016-06-28,Archivo,1042,Papeles y Cartones,Recuperar,
2016-06-28,Plega,132,Papeles y Cartones,Recuperar,
2016-06-28,Vidrio,647,Vidrios,Recuperar,
2016-06-28,Plega,119,Plásticos,Recuperar,
2016-06-28,Aluminio,7,Metales,Recuperar,
2016-06-28,Plástico,164,Plásticos,Recuperar,
2016-07-28,Palos de Escoba,89,Otros,Recuperar,
2016-07-28,Plástico,112,Plásticos,Recuperar,
2016-07-28,Pasta,374,Plásticos,Recuperar,
2016-07-28,Vidrio,459,Vidrios,Recuperar,
2016-07-28,Cartón,581,Papeles y Cartones,Recuperar,
2016-07-28,Plega,98,Papeles y Cartones,Recuperar,
2016-07-28,Plega,27,Papeles y Cartones,Recuperar,
2016-07-28,Archivo,741,Papeles y Cartones,Recuperar,
2016-07-28,Periódico,131,Papeles y Cartones,Recuperar,
2016-07-28,Aluminio,0,Metales,Recuperar,
2016-07-28,Plega,88,Plásticos,Recuperar,
2016-07-28,Chatarra,137,Metales,Recuperar,
2016-08-28,Pasta,1036,Plásticos,Recuperar,
2016-08-28,Chatarra,141,Metales,Recuperar,
2016-08-28,Plega,293,Plásticos,Recuperar,
2016-08-28,Plega,162,Papeles y Cartones,Recuperar,
2016-08-28,Plástico,419,Plásticos,Recuperar,
2016-08-28,Vidrio,709,Vidrios,Recuperar,
2016-08-28,Periódico,487,Papeles y Cartones,Recuperar,
2016-08-28,Plega,0,Papeles y Cartones,Recuperar,
2016-08-28,Archivo,1648,Papeles y Cartones,Recuperar,
2016-08-28,Aluminio,4,Metales,Recuperar,
2016-08-28,Cartón,1075,Papeles y Cartones,Recuperar,
2016-08-28,Palos de Escoba,20,Otros,Recuperar,
2016-09-28,Aluminio,20,Metales,Recuperar,
2016-09-28,Vidrio,1080,Vidrios,Recuperar,
2016-09-28,Pasta,1250,Plásticos,Recuperar,
2016-09-28,Plástico,329,Plásticos,Recuperar,
2016-09-28,Palos de Escoba,78,Otros,Recuperar,
2016-09-28,Chatarra,1721,Metales,Recuperar,
2016-09-28,Archivo,1053,Papeles y Cartones,Recuperar,
2016-09-28,Plega,346,Papeles y Cartones,Recuperar,
2016-09-28,Periódico,946,Papeles y Cartones,Recuperar,
2016-09-28,Plega,421,Plásticos,Recuperar,
2016-09-28,Cartón,1358,Papeles y Cartones,Recuperar,
2016-09-28,Plega,68,Papeles y Cartones,Recuperar,
2016-10-28,Chatarra,3217,Metales,Recuperar,
2016-10-28,Plástico,254,Plásticos,Recuperar,
2016-10-28,Periódico,790,Papeles y Cartones,Recuperar,
2016-10-28,Palos de Escoba,64,Otros,Recuperar,
2016-10-28,Vidrio,1007,Vidrios,Recuperar,
2016-10-28,Plega,388,Plásticos,Recuperar,
2016-10-28,Pasta,1053,Plásticos,Recuperar,
2016-10-28,Plega,132,Papeles y Cartones,Recuperar,
2016-10-28,Aluminio,50,Metales,Recuperar,
2016-10-28,Archivo,1280,Papeles y Cartones,Recuperar,
2016-10-28,Cartón,1006,Papeles y Cartones,Recuperar,
2016-10-28,Plega,285,Papeles y Cartones,Recuperar,
2016-11-28,Plega,39,Papeles y Cartones,Recuperar,
2016-11-28,Pasta,624,Plásticos,Recuperar,
2016-11-28,Chatarra,1428,Metales,Recuperar,
2016-11-28,Cartón,534,Papeles y Cartones,Recuperar,
2016-11-28,Palos de Escoba,0,Otros,Recuperar,
2016-11-28,Archivo,628,Papeles y Cartones,Recuperar,
2016-11-28,Plega,181,Plásticos,Recuperar,
2016-11-28,Vidrio,521,Vidrios,Recuperar,
2016-11-28,Periódico,412,Papeles y Cartones,Recuperar,
2016-11-28,Plega,171,Papeles y Cartones,Recuperar,
2016-11-28,Aluminio,8,Metales,Recuperar,
2016-11-28,Plástico,49,Plásticos,Recuperar,
2016-12-28,Plega,191,Papeles y Cartones,Recuperar,
2016-12-28,Aluminio,8,Metales,Recuperar,
2016-12-28,Archivo,679,Papeles y Cartones,Recuperar,
2016-12-28,Cartón,684,Papeles y Cartones,Recuperar,
2016-12-28,Periódico,279,Papeles y Cartones,Recuperar,
2016-12-28,Vidrio,423,Vidrios,Recuperar,
2016-12-28,Plástico,244,Plásticos,Recuperar,
2016-12-28,Pasta,683,Plásticos,Recuperar,
2016-12-28,Chatarra,43,Metales,Recuperar,
2016-12-28,Plega,253,Plásticos,Recuperar,
2016-12-28,Plega,97,Papeles y Cartones,Recuperar,
2016-12-28,Palos de Escoba,19,Otros,Recuperar,
2017-01-28,Periódico,152,Papeles y Cartones,Recuperar,
2017-01-28,Aluminio,12,Metales,Recuperar,
2017-01-28,Cartón,855,Papeles y Cartones,Recuperar,
2017-01-28,Archivo,1444,Papeles y Cartones,Recuperar,
2017-01-28,Plega,117,Plásticos,Recuperar,
2017-01-28,Plástico,130,Plásticos,Recuperar,
2017-01-28,Plega,32,Papeles y Cartones,Recuperar,
2017-01-28,Vidrio,1117,Vidrios,Recuperar,
2017-01-28,Plega,84,Papeles y Cartones,Recuperar,
2017-01-28,Polipropileno,0,Otros,Recuperar,
2017-01-28,Pasta,461,Plásticos,Recuperar,
2017-01-28,Palos de Escoba,0,Otros,Recuperar,
2017-01-28,Chatarra,4542,Metales,Recuperar,
2017-02-28,Periódico,437,Papeles y Cartones,Recuperar,
2017-02-28,Archivo,1511,Papeles y Cartones,Recuperar,
2017-02-28,Polipropileno,0,Otros,Recuperar,
2017-02-28,Plega,227,Papeles y Cartones,Recuperar,
2017-02-28,Palos de Escoba,9,Otros,Recuperar,
2017-02-28,Chatarra,116,Metales,Recuperar,
2017-02-28,Cartón,1252,Papeles y Cartones,Recuperar,
2017-02-28,Plástico,238,Plásticos,Recuperar,
2017-02-28,Pasta,1015,Plásticos,Recuperar,
2017-02-28,Vidrio,719,Vidrios,Recuperar,
2017-02-28,Aluminio,6,Metales,Recuperar,
2017-02-28,Plega,106,Papeles y Cartones,Recuperar,
2017-02-28,Plega,275,Plásticos,Recuperar,
2017-03-28,Plega,209,Papeles y Cartones,Recuperar,
2017-03-28,Chatarra,118,Metales,Recuperar,
2017-03-28,Plega,59,Papeles y Cartones,Recuperar,
2017-03-28,Periódico,417,Papeles y Cartones,Recuperar,
2017-03-28,Aluminio,11,Metales,Recuperar,
2017-03-28,Plega,343,Plásticos,Recuperar,
2017-03-28,Archivo,687,Papeles y Cartones,Recuperar,
2017-03-28,Pasta,678,Plásticos,Recuperar,
2017-03-28,Vidrio,442,Vidrios,Recuperar,
2017-03-28,Polipropileno,0,Otros,Recuperar,
2017-03-28,Plástico,226,Plásticos,Recuperar,
2017-03-28,Palos de Escoba,54,Otros,Recuperar,
2017-03-28,Cartón,986,Papeles y Cartones,Recuperar,
2017-04-28,Cartón,1367,Papeles y Cartones,Recuperar,
2017-04-28,Periódico,569,Papeles y Cartones,Recuperar,
2017-04-28,Plega,281,Plásticos,Recuperar,
2017-04-28,Archivo,1339,Papeles y Cartones,Recuperar,
2017-04-28,Pasta,820,Plásticos,Recuperar,
2017-04-28,Vidrio,721,Vidrios,Recuperar,
2017-04-28,Plega,102,Papeles y Cartones,Recuperar,
2017-04-28,Plástico,309,Plásticos,Recuperar,
2017-04-28,Polipropileno,3,Otros,Recuperar,
2017-04-28,Chatarra,251,Metales,Recuperar,
2017-04-28,Aluminio,11,Metales,Recuperar,
2017-04-28,Palos de Escoba,0,Otros,Recuperar,
2017-04-28,Plega,344,Papeles y Cartones,Recuperar,
2017-05-28,Plega,90,Papeles y Cartones,Recuperar,
2017-05-28,Periódico,575,Papeles y Cartones,Recuperar,
2017-05-28,Archivo,612,Papeles y Cartones,Recuperar,
2017-05-28,Vidrio,575,Vidrios,Recuperar,
2017-05-28,Plega,178,Papeles y Cartones,Recuperar,
2017-05-28,Plástico,259,Plásticos,Recuperar,
2017-05-28,Chatarra,2304,Metales,Recuperar,
2017-05-28,Cartón,597,Papeles y Cartones,Recuperar,
2017-05-28,Aluminio,11,Metales,Recuperar,
2017-05-28,Plega,281,Plásticos,Recuperar,
2017-05-28,Pasta,895,Plásticos,Recuperar,
2017-05-28,Palos de Escoba,94,Otros,Recuperar,
2017-06-28,Palos de Escoba,0,Otros,Recuperar,
2017-06-28,Pasta,997,Plásticos,Recuperar,
2017-06-28,Periódico,431,Papeles y Cartones,Recuperar,
2017-06-28,Archivo,1756,Papeles y Cartones,Recuperar,
2017-06-28,Vidrio,1143,Vidrios,Recuperar,
2017-06-28,Aluminio,23,Metales,Recuperar,
2017-06-28,Plega,338,Plásticos,Recuperar,
2017-06-28,Cartón,1011,Papeles y Cartones,Recuperar,
2017-06-28,Plega,78,Papeles y Cartones,Recuperar,
2017-06-28,Plega,250,Papeles y Cartones,Recuperar,
2017-06-28,Chatarra,2536,Metales,Recuperar,
2017-06-28,Plástico,329,Plásticos,Recuperar,
2017-07-28,Aluminio,5,Metales,Recuperar,
2017-07-28,Plega,100,Plásticos,Recuperar,
2017-07-28,Pasta,332,Plásticos,Recuperar,
2017-07-28,Vidrio,288,Vidrios,Recuperar,
2017-07-28,Plástico,159,Plásticos,Recuperar,
2017-07-28,Plega,165,Papeles y Cartones,Recuperar,
2017-07-28,Periódico,241,Papeles y Cartones,Recuperar,
2017-07-28,Archivo,683,Papeles y Cartones,Recuperar,
2017-07-28,Plega,35,Papeles y Cartones,Recuperar,
2017-07-28,Palos de Escoba,56,Otros,Recuperar,
2017-07-28,Cartón,465,Papeles y Cartones,Recuperar,
2017-07-28,Chatarra,2222,Metales,Recuperar,
2017-08-28,Plega,95,Papeles y Cartones,Recuperar,
2017-08-28,Cartón,693,Papeles y Cartones,Recuperar,
2017-08-28,Aluminio,7,Metales,Recuperar,
2017-08-28,Plega,286,Plásticos,Recuperar,
2017-08-28,Periódico,258,Papeles y Cartones,Recuperar,
2017-08-28,Vidrio,552,Vidrios,Recuperar,
2017-08-28,Plástico,260,Plásticos,Recuperar,
2017-08-28,Chatarra,1545,Metales,Recuperar,
2017-08-28,Palos de Escoba,50,Otros,Recuperar,
2017-08-28,Plega,283,Papeles y Cartones,Recuperar,
2017-08-28,Pasta,836,Plásticos,Recuperar,
2017-08-28,Archivo,1563,Papeles y Cartones,Recuperar,
2017-09-28,Plega,106,Papeles y Cartones,Recuperar,
2017-09-28,Chatarra,241,Metales,Recuperar,
2017-09-28,Vidrio,1727,Vidrios,Recuperar,
2017-09-28,Plástico,423,Plásticos,Recuperar,
2017-09-28,Pasta,1079,Plásticos,Recuperar,
2017-09-28,Cartón,1093,Papeles y Cartones,Recuperar,
2017-09-28,Aluminio,110,Metales,Recuperar,
2017-09-28,Periódico,944,Papeles y Cartones,Recuperar,
2017-09-28,Plega,374,Papeles y Cartones,Recuperar,
2017-09-28,Plega,454,Plásticos,Recuperar,
2017-09-28,Archivo,1211,Papeles y Cartones,Recuperar,
2017-09-28,Palos de Escoba,15,Otros,Recuperar,
2017-10-28,Plega,293,Papeles y Cartones,Recuperar,
2017-10-28,Vidrio,940,Vidrios,Recuperar,
2017-10-28,Cartón,637,Papeles y Cartones,Recuperar,
2017-10-28,Plástico,273,Plásticos,Recuperar,
2017-10-28,Archivo,1037,Papeles y Cartones,Recuperar,
2017-10-28,Aluminio,20,Metales,Recuperar,
2017-10-28,Pasta,780,Plásticos,Recuperar,
2017-10-28,Plega,111,Papeles y Cartones,Recuperar,
2017-10-28,Periódico,1069,Papeles y Cartones,Recuperar,
2017-10-28,Palos de Escoba,40,Otros,Recuperar,
2017-10-28,Chatarra,76,Metales,Recuperar,
2017-10-28,Plega,329,Plásticos,Recuperar,
2017-11-28,Plega,143,Papeles y Cartones,Recuperar,
2017-11-28,Chatarra,3737,Metales,Recuperar,
2017-11-28,Plega,500,Plásticos,Recuperar,
2017-11-28,Vidrio,816,Vidrios,Recuperar,
2017-11-28,Periódico,441,Papeles y Cartones,Recuperar,
2017-11-28,Archivo,1441,Papeles y Cartones,Recuperar,
2017-11-28,Palos de Escoba,85,Otros,Recuperar,
2017-11-28,Plega,396,Papeles y Cartones,Recuperar,
2017-11-28,Plástico,324,Plásticos,Recuperar,
2017-11-28,Pasta,908,Plásticos,Recuperar,
2017-11-28,Aluminio,29,Metales,Recuperar,
2017-11-28,Cartón,1051,Papeles y Cartones,Recuperar,
2017-12-28,Aluminio,2,Metales,Recuperar,
2017-12-28,Palos de Escoba,0,Otros,Recuperar,
2017-12-28,Chatarra,28,Metales,Recuperar,
2017-12-28,Archivo,308,Papeles y Cartones,Recuperar,
2017-12-28,Plega,47,Papeles y Cartones,Recuperar,
2017-12-28,Plega,49,Plásticos,Recuperar,
2017-12-28,Vidrio,111,Vidrios,Recuperar,
2017-12-28,Periódico,52,Papeles y Cartones,Recuperar,
2017-12-28,Pasta,196,Plásticos,Recuperar,
2017-12-28,Plástico,55,Plásticos,Recuperar,
2017-12-28,Plega,25,Papeles y Cartones,Recuperar,
2017-12-28,Cartón,163,Papeles y Cartones,Recuperar,
2018-01-28,Vidrio,479,Vidrios,Recuperar,
2018-01-28,Cartón,842,Papeles y Cartones,Recuperar,
2018-01-28,Chatarra,286,Metales,Recuperar,
2018-01-28,Pasta,614,Plásticos,Recuperar,
2018-01-28,Archivo,2137,Papeles y Cartones,Recuperar,
2018-01-28,Periódico,393,Papeles y Cartones,Recuperar,
2018-01-28,Palos de Escoba,91,Otros,Recuperar,
2018-01-28,Aluminio,16,Metales,Recuperar,
2018-01-28,Plástico,179,Plásticos,Recuperar,
2018-01-28,Plega,216,Papeles y Cartones,Recuperar,
2018-01-28,Plega,115,Plásticos,Recuperar,
2018-01-28,Plega,29,Papeles y Cartones,Recuperar,
2018-02-28,Pasta,692,Plásticos,Recuperar,
2018-02-28,Plega,74,Papeles y Cartones,Recuperar,
2018-02-28,Aluminio,9,Metales,Recuperar,
2018-02-28,Archivo,2037,Papeles y Cartones,Recuperar,
2018-02-28,Cartón,2015,Papeles y Cartones,Recuperar,
2018-02-28,Plega,150,Papeles y Cartones,Recuperar,
2018-02-28,Periódico,411,Papeles y Cartones,Recuperar,
2018-02-28,Vidrio,712,Vidrios,Recuperar,
2018-02-28,Plástico,354,Plásticos,Recuperar,
2018-02-28,Palos de Escoba,0,Otros,Recuperar,
2018-02-28,Chatarra,102,Metales,Recuperar,
2018-02-28,Plega,252,Plásticos,Recuperar,
2018-03-28,Vidrio,704,Vidrios,Recuperar,
2018-03-28,Aluminio,17,Metales,Recuperar,
2018-03-28,Plástico,596,Plásticos,Recuperar,
2018-03-28,Archivo,1779,Papeles y Cartones,Recuperar,
2018-03-28,Palos de Escoba,76,Otros,Recuperar,
2018-03-28,Plega,193,Papeles y Cartones,Recuperar,
2018-03-28,Periódico,355,Papeles y Cartones,Recuperar,
2018-03-28,Plega,128,Papeles y Cartones,Recuperar,
2018-03-28,Plega,319,Plásticos,Recuperar,
2018-03-28,Chatarra,2379,Metales,Recuperar,
2018-03-28,Cartón,1595,Papeles y Cartones,Recuperar,
2018-03-28,Pasta,858,Plásticos,Recuperar,
2018-04-28,Plega,199,Papeles y Cartones,Recuperar,
2018-04-28,Pasta,489,Plásticos,Recuperar,
2018-04-28,Aluminio,9,Metales,Recuperar,
2018-04-28,Palos de Escoba,0,Otros,Recuperar,
2018-04-28,Archivo,815,Papeles y Cartones,Recuperar,
2018-04-28,Cartón,861,Papeles y Cartones,Recuperar,
2018-04-28,Vidrio,537,Vidrios,Recuperar,
2018-04-28,Plástico,207,Plásticos,Recuperar,
2018-04-28,Periódico,323,Papeles y Cartones,Recuperar,
2018-04-28,Plega,238,Plásticos,Recuperar,
2018-04-28,Chatarra,5066,Metales,Recuperar,
2018-04-28,Plega,75,Papeles y Cartones,Recuperar,
2018-05-28,Pasta,617,Plásticos,Recuperar,
2018-05-28,Plástico,195,Plásticos,Recuperar,
2018-05-28,Cartón,559,Papeles y Cartones,Recuperar,
2018-05-28,Palos de Escoba,0,Otros,Recuperar,
2018-05-28,Aluminio,49,Metales,Recuperar,
2018-05-28,Periódico,484,Papeles y Cartones,Recuperar,
2018-05-28,Plega,81,Papeles y Cartones,Recuperar,
2018-05-28,Plega,298,Plásticos,Recuperar,
2018-05-28,Plega,180,Papeles y Cartones,Recuperar,
2018-05-28,Vidrio,629,Vidrios,Recuperar,
2018-05-28,Archivo,873,Papeles y Cartones,Recuperar,
2018-05-28,Chatarra,163,Metales,Recuperar,
2018-06-28,Cartón,791,Papeles y Cartones,Recuperar,
2018-06-28,Vidrio,327,Vidrios,Recuperar,
2018-06-28,Periódico,232,Papeles y Cartones,Recuperar,
2018-06-28,Plega,148,Plásticos,Recuperar,
2018-06-28,Palos de Escoba,33,Otros,Recuperar,
2018-06-28,Aluminio,14,Metales,Recuperar,
2018-06-28,Pasta,549,Plásticos,Recuperar,
2018-06-28,Chatarra,1488,Metales,Recuperar,
2018-06-28,Archivo,1415,Papeles y Cartones,Recuperar,
2018-06-28,Plega,61,Papeles y Cartones,Recuperar,
2018-06-28,Plástico,147,Plásticos,Recuperar,
2018-06-28,Plega,177,Papeles y Cartones,Recuperar,
2018-07-28,Vidrio,909,Vidrios,Recuperar,
2018-07-28,Plástico,197,Plásticos,Recuperar,
2018-07-28,Periódico,333,Papeles y Cartones,Recuperar,
2018-07-28,Plega,133,Plásticos,Recuperar,
2018-07-28,Cartón,1043,Papeles y Cartones,Recuperar,
2018-07-28,Pasta,636,Plásticos,Recuperar,
2018-07-28,Palos de Escoba,58,Otros,Recuperar,
2018-07-28,Archivo,2034,Papeles y Cartones,Recuperar,
2018-07-28,Chatarra,1507,Metales,Recuperar,
2018-07-28,Aluminio,21,Metales,Recuperar,
2018-07-28,Plega,49,Papeles y Cartones,Recuperar,
2018-07-28,Plega,208,Papeles y Cartones,Recuperar,
2018-08-28,Chatarra,3477,Metales,Recuperar,
2018-08-28,Pasta,661,Plásticos,Recuperar,
2018-08-28,Cartón,896,Papeles y Cartones,Recuperar,
2018-08-28,Plega,64,Papeles y Cartones,Recuperar,
2018-08-28,Plega,263,Papeles y Cartones,Recuperar,
2018-08-28,Archivo,1645,Papeles y Cartones,Recuperar,
2018-08-28,Empaque de Fibra,13,Otros,Recuperar,
2018-08-28,Aluminio,12,Metales,Recuperar,
2018-08-28,Vidrio,710,Vidrios,Recuperar,
2018-08-28,Palos de Escoba,1,Otros,Recuperar,
2018-08-28,Plega,305,Plásticos,Recuperar,
2018-08-28,Periódico,430,Papeles y Cartones,Recuperar,
2018-08-28,Plástico,287,Plásticos,Recuperar,
2018-09-28,Archivo,759,Papeles y Cartones,Recuperar,
2018-09-28,Plega,92,Papeles y Cartones,Recuperar,
2018-09-28,Plástico,212,Plásticos,Recuperar,
2018-09-28,Aluminio,12,Metales,Recuperar,
2018-09-28,Pasta,547,Plásticos,Recuperar,
2018-09-28,Chatarra,134,Metales,Recuperar,
2018-09-28,Vidrio,640,Vidrios,Recuperar,
2018-09-28,Cartón,638,Papeles y Cartones,Recuperar,
2018-09-28,Periódico,232,Papeles y Cartones,Recuperar,
2018-09-28,Palos de Escoba,90,Otros,Recuperar,
2018-09-28,Plega,219,Papeles y Cartones,Recuperar,
2018-09-28,Plega,251,Plásticos,Recuperar,
2018-10-28,Plástico,273,Plásticos,Recuperar,
2018-10-28,Archivo,980,Papeles y Cartones,Recuperar,
2018-10-28,Periódico,397,Papeles y Cartones,Recuperar,
2018-10-28,Plega,359,Plásticos,Recuperar,
2018-10-28,Chatarra,487,Metales,Recuperar,
2018-10-28,Plega,108,Papeles y Cartones,Recuperar,
2018-10-28,Cartón,701,Papeles y Cartones,Recuperar,
2018-10-28,Plega,318,Papeles y Cartones,Recuperar,
2018-10-28,Pasta,680,Plásticos,Recuperar,
2018-10-28,Aluminio,61,Metales,Recuperar,
2018-10-28,Vidrio,1265,Vidrios,Recuperar,
2018-10-28,Palos de Escoba,75,Otros,Recuperar,
2018-11-28,Cartón,600,Papeles y Cartones,Recuperar,
2018-11-28,Palos de Escoba,42,Otros,Recuperar,
2018-11-28,Periódico,114,Papeles y Cartones,Recuperar,
2018-11-28,Plástico,161,Plásticos,Recuperar,
2018-11-28,Plega,35,Papeles y Cartones,Recuperar,
2018-11-28,Plega,176,Plásticos,Recuperar,
2018-11-28,Aluminio,13,Metales,Recuperar,
2018-11-28,Chatarra,693,Metales,Recuperar,
2018-11-28,Archivo,756,Papeles y Cartones,Recuperar,
2018-11-28,Pasta,295,Plásticos,Recuperar,
2018-11-28,Vidrio,343,Vidrios,Recuperar,
2018-11-28,Plega,139,Papeles y Cartones,Recuperar,
2018-12-28,Aluminio,10,Metales,Recuperar,
2018-12-28,Vidrio,344,Vidrios,Recuperar,
2018-12-28,Plega,58,Papeles y Cartones,Recuperar,
2018-12-28,Archivo,861,Papeles y Cartones,Recuperar,
2018-12-28,Plega,289,Papeles y Cartones,Recuperar,
2018-12-28,Cartón,956,Papeles y Cartones,Recuperar,
2018-12-28,Palos de Escoba,0,Otros,Recuperar,
2018-12-28,Plástico,197,Plásticos,Recuperar,
2018-12-28,Chatarra,116,Metales,Recuperar,
2018-12-28,Pasta,342,Plásticos,Recuperar,
2018-12-28,Periódico,877,Papeles y Cartones,Recuperar,
2018-12-28,Plega,142,Plásticos,Recuperar,
2019-01-28,Vidrio,377,Vidrios,Recuperar,
2019-01-28,Chatarra,3835,Metales,Recuperar,
2019-01-28,Plega,38,Papeles y Cartones,Recuperar,
2019-01-28,Pasta,494,Plásticos,Recuperar,
2019-01-28,Palos de Escoba,21,Otros,Recuperar,
2019-01-28,Aluminio,22,Metales,Recuperar,
2019-01-28,Cobre,0,Metales,Recuperar,
2019-01-28,Plega,166,Plásticos,Recuperar,
2019-01-28,Plástico,188,Plásticos,Recuperar,
2019-01-28,Cartón,771,Papeles y Cartones,Recuperar,
2019-01-28,Periódico,137,Papeles y Cartones,Recuperar,
2019-01-28,Plega,279,Papeles y Cartones,Recuperar,
2019-01-28,Archivo,1416,Papeles y Cartones,Recuperar,
2019-02-28,Chatarra,105,Metales,Recuperar,
2019-02-28,Periódico,308,Papeles y Cartones,Recuperar,
2019-02-28,Plega,395,Papeles y Cartones,Recuperar,
2019-02-28,Plega,114,Papeles y Cartones,Recuperar,
2019-02-28,Archivo,1931,Papeles y Cartones,Recuperar,
2019-02-28,Palos de Escoba,0,Otros,Recuperar,
2019-02-28,Pasta,852,Plásticos,Recuperar,
2019-02-28,Aluminio,16,Metales,Recuperar,
2019-02-28,Plega,443,Plásticos,Recuperar,
2019-02-28,Cobre,0,Metales,Recuperar,
2019-02-28,Plástico,222,Plásticos,Recuperar,
2019-02-28,Cartón,831,Papeles y Cartones,Recuperar,
2019-02-28,Vidrio,716,Vidrios,Recuperar,
2019-03-28,Plega,545,Plásticos,Recuperar,
2019-03-28,Plástico,322,Plásticos,Recuperar,
2019-03-28,Cartón,1250,Papeles y Cartones,Recuperar,
2019-03-28,Archivo,1996,Papeles y Cartones,Recuperar,
2019-03-28,Aluminio,30,Metales,Recuperar,
2019-03-28,Periódico,602,Papeles y Cartones,Recuperar,
2019-03-28,Vidrio,1006,Vidrios,Recuperar,
2019-03-28,Plega,541,Papeles y Cartones,Recuperar,
2019-03-28,Plega,121,Papeles y Cartones,Recuperar,
2019-03-28,Pasta,1290,Plásticos,Recuperar,
2019-03-28,Chatarra,419,Metales,Recuperar,
2019-03-28,Palos de Escoba,80,Otros,Recuperar,
2019-03-28,Cobre,0,Metales,Recuperar,
2019-04-28,Pasta,422,Plásticos,Recimed,
2019-04-28,Cartón,745,Papeles y Cartones,Recimed,
2019-04-28,Vidrio,340,Vidrios,Recimed,
2019-04-28,Aluminio,13,Metales,Recimed,
2019-04-28,Archivo,1005,Papeles y Cartones,Recimed,
2019-04-28,Plega,457,Papeles y Cartones,Recimed,
2019-04-28,Chatarra,2572,Metales,Recimed,
2019-04-28,Tetrapak,29,Papeles y Cartones,Recimed,
2019-04-28,Periódico,"208,6",Papeles y Cartones,Recimed,
2019-04-28,Plástico,167,Plásticos,Recimed,
2019-04-28,Cobre,0,Metales,Recimed,
2019-04-28,Plega,0,Plásticos,Recimed,
2019-04-28,Palos de Escoba,17,Otros,Recimed,
2019-05-28,Acero,2,Metales,Recimed,
2019-05-28,Plega,579,Papeles y Cartones,Recimed,
2019-05-28,Tetrapak,260,Papeles y Cartones,Recimed,
2019-05-28,Cartón,996,Papeles y Cartones,Recimed,
2019-05-28,Pasta,785,Plásticos,Recimed,
2019-05-28,Plástico,97,Plásticos,Recimed,
2019-05-28,Chatarra,1,Metales,Recimed,
2019-05-28,Archivo,648,Papeles y Cartones,Recimed,
2019-05-28,Vidrio,262,Vidrios,Recimed,
2019-05-28,Periódico,"62,4",Papeles y Cartones,Recimed,
2019-05-28,Plega,0,Plásticos,Recimed,
2019-05-28,Palos de Escoba,0,Otros,Recimed,
2019-05-28,Aluminio,304,Metales,Recimed,
2019-05-28,Cobre,3,Metales,Recimed,
2019-06-28,Periódico,97,Papeles y Cartones,Recimed,
2019-06-28,Plega,0,Plásticos,Recimed,
2019-06-28,Plástico,184,Plásticos,Recimed,
2019-06-28,Palos de Escoba,50,Otros,Recimed,
2019-06-28,Chatarra,2171,Metales,Recimed,
2019-06-28,Pasta,571,Plásticos,Recimed,
2019-06-28,Tetrapak,0,Papeles y Cartones,Recimed,
2019-06-28,Cartón,767,Papeles y Cartones,Recimed,
2019-06-28,Aluminio,26,Metales,Recimed,
2019-06-28,Vidrio,839,Vidrios,Recimed,
2019-06-28,Archivo,680,Papeles y Cartones,Recimed,
2019-06-28,Plega,475,Papeles y Cartones,Recimed,
2019-06-28,Cobre,14,Metales,Recimed,
2019-07-28,Plástico,68,Plásticos,Recimed,
2019-07-28,Chatarra,2133,Metales,Recimed,
2019-07-28,Palos de Escoba,42,Otros,Recimed,
2019-07-28,Pasta,359,Plásticos,Recimed,
2019-07-28,Cobre,0,Metales,Recimed,
2019-07-28,Tetrapak,20,Papeles y Cartones,Recimed,
2019-07-28,Plega,263,Papeles y Cartones,Recimed,
2019-07-28,Cartón,325,Papeles y Cartones,Recimed,
2019-07-28,Plega,0,Plásticos,Recimed,
2019-07-28,Aluminio,13,Metales,Recimed,
2019-07-28,Archivo,566,Papeles y Cartones,Recimed,
2019-07-28,Vidrio,381,Vidrios,Recimed,
2019-07-28,Periódico,"83,4",Papeles y Cartones,Recimed,
2019-08-28,Periódico,"185,4",Papeles y Cartones,Recimed,
2019-08-28,Plega,82,Plásticos,Recimed,
2019-08-28,Archivo,327,Papeles y Cartones,Recimed,
2019-08-28,Plega,312,Papeles y Cartones,Recimed,
2019-08-28,Chatarra,26,Metales,Recimed,
2019-08-28,Tetrapak,55,Papeles y Cartones,Recimed,
2019-08-28,Plástico,157,Plásticos,Recimed,
2019-08-28,Vidrio,371,Vidrios,Recimed,
2019-08-28,Pasta,573,Plásticos,Recimed,
2019-08-28,Aluminio,193,Metales,Recimed,
2019-08-28,Palos de Escoba,0,Otros,Recimed,
2019-08-28,Cobre,0,Metales,Recimed,
2019-08-28,Cartón,3063,Papeles y Cartones,Recimed,
2019-09-28,Palos de Escoba,237,Otros,Recimed,
2019-09-28,Plega,136,Plásticos,Recimed,
2019-09-28,Plástico,714,Plásticos,Recimed,
2019-09-28,Archivo,3347,Papeles y Cartones,Recimed,
2019-09-28,Aluminio,63,Metales,Recimed,
2019-09-28,Pasta,2073,Plásticos,Recimed,
2019-09-28,Vidrio,1464,Vidrios,Recimed,
2019-09-28,Cartón,2312,Papeles y Cartones,Recimed,
2019-09-28,Periódico,"727,6",Papeles y Cartones,Recimed,
2019-09-28,Plega,2011,Papeles y Cartones,Recimed,
2019-09-28,Tetrapak,198,Papeles y Cartones,Recimed,
2019-09-28,Cobre,5,Metales,Recimed,
2019-09-28,Chatarra,406,Metales,Recimed,
2019-10-28,Periódico,"456,2",Papeles y Cartones,Recimed,
2019-10-28,Tetrapak,53,Papeles y Cartones,Recimed,
2019-10-28,Plega,140,Plásticos,Recimed,
2019-10-28,Plástico,245,Plásticos,Recimed,
2019-10-28,Chatarra,2545,Metales,Recimed,
2019-10-28,Vidrio,671,Vidrios,Recimed,
2019-10-28,Cobre,0,Metales,Recimed,
2019-10-28,Aluminio,21,Metales,Recimed,
2019-10-28,Cartón,783,Papeles y Cartones,Recimed,
2019-10-28,Pasta,1028,Plásticos,Recimed,
2019-10-28,Plega,603,Papeles y Cartones,Recimed,
2019-10-28,Palos de Escoba,18,Otros,Recimed,
2019-10-28,Archivo,1629,Papeles y Cartones,Recimed,
2019-11-28,Vidrio,595,Vidrios,Recimed,
2019-11-28,Plega,723,Papeles y Cartones,Recimed,
2019-11-28,Cartón,760,Papeles y Cartones,Recimed,
2019-11-28,Tetrapak,78,Papeles y Cartones,Recimed,
2019-11-28,Chatarra,1032,Metales,Recimed,
2019-11-28,Pasta,795,Plásticos,Recimed,
2019-11-28,Plega,0,Plásticos,Recimed,
2019-11-28,Palos de Escoba,6,Otros,Recimed,
2019-11-28,Cobre,0,Metales,Recimed,
2019-11-28,Aluminio,22,Metales,Recimed,
2019-11-28,Archivo,1232,Papeles y Cartones,Recimed,
2019-11-28,Periódico,"196,8",Papeles y Cartones,Recimed,
2019-11-28,Plástico,154,Plásticos,Recimed,
2020-01-28,Aluminio,"2,7",Metales,Recimed,
2020-01-28,Plástico,"80,4",Plásticos,Recimed,
2020-01-28,Chatarra,"1662,3",Metales,Recimed,
2020-01-28,Plega,"264,5",Papeles y Cartones,Recimed,
2020-01-28,Palos de Escoba,167,Otros,Recimed,
2020-01-28,Plega,17,Plásticos,Recimed,
2020-01-28,Vidrio,94,Vidrios,Recimed,
2020-01-28,Periódico,"112,7",Papeles y Cartones,Recimed,
2020-01-28,Pasta,"175,1",Plásticos,Recimed,
2020-01-28,Pet,"207,5",Plásticos,Recimed,
2020-01-28,Archivo,"858,6",Papeles y Cartones,Recimed,
2020-01-28,Cartón,"620,9",Papeles y Cartones,Recimed,
2020-01-28,Tetrapak,"436,8",Papeles y Cartones,Recimed,
2020-02-28,Archivo,"1299,5",Papeles y Cartones,Recimed,
2020-02-28,Chatarra,"1042,5",Metales,Recimed,
2020-02-28,Periódico,"262,2",Papeles y Cartones,Recimed,
2020-02-28,Aluminio,"30,4",Metales,Recimed,
2020-02-28,Pasta,"384,6",Plásticos,Recimed,
2020-02-28,Vidrio,967,Vidrios,Recimed,
2020-02-28,Plega,"252,3",Plásticos,Recimed,
2020-02-28,Cartón,"1260,4",Papeles y Cartones,Recimed,
2020-02-28,Plástico,"270,8",Plásticos,Recimed,
2020-02-28,Pet,"927,3",Plásticos,Recimed,
2020-02-28,Plega,"1162,8",Papeles y Cartones,Recimed,
2020-02-28,Palos de Escoba,98,Otros,Recimed,
2020-02-28,Tetrapak,"57,2",Papeles y Cartones,Recimed,
2020-03-28,Pet,"602,4",Plásticos,Recimed,
2020-03-28,Chatarra,"2032,8",Metales,Recimed,
2020-03-28,Plega,"148,5",Plásticos,Recimed,
2020-03-28,Plástico,"207,6",Plásticos,Recimed,
2020-03-28,Palos de Escoba,75,Otros,Recimed,
2020-03-28,Tetrapak,"46,2",Papeles y Cartones,Recimed,
2020-03-28,Aluminio,64,Metales,Recimed,
2020-03-28,Plega,972,Papeles y Cartones,Recimed,
2020-03-28,Periódico,"289,1",Papeles y Cartones,Recimed,
2020-03-28,Archivo,"925,6",Papeles y Cartones,Recimed,
2020-03-28,Cartón,"887,4",Papeles y Cartones,Recimed,
2020-03-28,Vidrio,"705,1",Vidrios,Recimed,
2020-03-28,Pasta,"129,3",Plásticos,Recimed,
2020-07-28,Plástico,159,Plásticos,SOCYA,
2020-07-28,Tetrapak,0,Papeles y Cartones,SOCYA,
2020-07-28,Aluminio,0,Metales,SOCYA,
2020-07-28,Chatarra,105,Metales,SOCYA,
2020-07-28,Periódico,8,Papeles y Cartones,SOCYA,
2020-07-28,Vidrio,0,Vidrios,SOCYA,
2020-07-28,Pet,26,Plásticos,SOCYA,
2020-07-28,Cobre,0,Metales,SOCYA,
2020-07-28,Cartón,277,Papeles y Cartones,SOCYA,
2020-07-28,Icopor,0,Otros,SOCYA,
2020-07-28,Archivo,59,Papeles y Cartones,SOCYA,
2020-09-28,Cartón,485,Papeles y Cartones,SOCYA,
2020-09-28,Icopor,10,Otros,SOCYA,
2020-09-28,Archivo,360,Papeles y Cartones,SOCYA,
2020-09-28,Periódico,17,Papeles y Cartones,SOCYA,
2020-09-28,Pet,53,Plásticos,SOCYA,
2020-09-28,Chatarra,600,Metales,SOCYA,
2020-09-28,Vidrio,51,Vidrios,SOCYA,
2020-09-28,Cobre,0,Metales,SOCYA,
2020-09-28,Aluminio,0,Metales,SOCYA,
2020-09-28,Plástico,673,Plásticos,SOCYA,
2020-09-28,Tetrapak,2,Papeles y Cartones,SOCYA,
2020-10-28,Archivo,275,Papeles y Cartones,SOCYA,
2020-10-28,Pet,20,Plásticos,SOCYA,
2020-10-28,Tetrapak,0,Papeles y Cartones,SOCYA,
2020-10-28,Cartón,679,Papeles y Cartones,SOCYA,
2020-10-28,Plástico,198,Plásticos,SOCYA,
2020-10-28,Vidrio,81,Vidrios,SOCYA,
2020-10-28,Periódico,19,Papeles y Cartones,SOCYA,
2020-10-28,Cobre,0,Metales,SOCYA,
2020-10-28,Icopor,0,Otros,SOCYA,
2020-10-28,Aluminio,10,Metales,SOCYA,
2020-10-28,Chatarra,670,Metales,SOCYA,
2020-11-28,Chatarra,3116,Metales,SOCYA,
2020-11-28,Archivo,500,Papeles y Cartones,SOCYA,
2020-11-28,Cobre,40,Metales,SOCYA,
2020-11-28,Cartón,322,Papeles y Cartones,SOCYA,
2020-11-28,Vidrio,100,Vidrios,SOCYA,
2020-11-28,Aluminio,30,Metales,SOCYA,
2020-11-28,Tetrapak,0,Papeles y Cartones,SOCYA,
2020-11-28,Pet,18,Plásticos,SOCYA,
2020-11-28,Icopor,10,Otros,SOCYA,
2020-11-28,Periódico,33,Papeles y Cartones,SOCYA,
2020-11-28,Plástico,405,Plásticos,SOCYA,
2020-12-28,Icopor,8,Otros,SOCYA,
2020-12-28,Pet,43,Plásticos,SOCYA,
2020-12-28,Cobre,0,Metales,SOCYA,
2020-12-28,Periódico,35,Papeles y Cartones,SOCYA,
2020-12-28,Aluminio,0,Metales,SOCYA,
2020-12-28,Plástico,256,Plásticos,SOCYA,
2020-12-28,Cartón,361,Papeles y Cartones,SOCYA,
2020-12-28,Archivo,670,Papeles y Cartones,SOCYA,
2020-12-28,Tetrapak,0,Papeles y Cartones,SOCYA,
2020-12-28,Vidrio,70,Vidrios,SOCYA,
2020-12-28,Chatarra,235,Metales,SOCYA,
2021-01-28,Archivo,384,Papeles y Cartones,SOCYA,
2021-01-28,Icopor,2,Otros,SOCYA,
2021-01-28,Cartón,0,Papeles y Cartones,SOCYA,
2021-01-28,Palos de Escoba,0,Otros,SOCYA,
2021-01-28,Aluminio,0,Metales,SOCYA,
2021-01-28,Cartón,439,Papeles y Cartones,SOCYA,
2021-01-28,Vidrio,35,Vidrios,SOCYA,
2021-01-28,Pasta,0,Plásticos,SOCYA,
2021-01-28,Plega,0,Plásticos,SOCYA,
2021-01-28,Pet,43,Plásticos,SOCYA,
2021-01-28,Chatarra,602,Metales,SOCYA,
2021-01-28,Plega,50,Papeles y Cartones,SOCYA,
2021-01-28,Periódico,0,Papeles y Cartones,SOCYA,
2021-01-28,Plástico,180,Plásticos,SOCYA,
2021-01-28,PVC,0,Otros,SOCYA,
2021-01-28,Tetrapak,0,Papeles y Cartones,SOCYA,
2021-02-28,Aluminio,20,Metales,SOCYA,
2021-02-28,Plega,0,Plásticos,SOCYA,
2021-02-28,Cartón,341,Papeles y Cartones,SOCYA,
2021-02-28,Palos de Escoba,0,Otros,SOCYA,
2021-02-28,Pasta,0,Plásticos,SOCYA,
2021-02-28,Plástico,104,Plásticos,SOCYA,
2021-02-28,Tetrapak,0,Papeles y Cartones,SOCYA,
2021-02-28,Periódico,0,Papeles y Cartones,SOCYA,
2021-02-28,Icopor,0,Otros,SOCYA,
2021-02-28,Pet,31,Plásticos,SOCYA,
2021-02-28,Plega,0,Papeles y Cartones,SOCYA,
2021-02-28,Cartón,0,Papeles y Cartones,SOCYA,
2021-02-28,Vidrio,0,Vidrios,SOCYA,
2021-02-28,Archivo,220,Papeles y Cartones,SOCYA,
2021-02-28,Chatarra,1092,Metales,SOCYA,
2021-02-28,PVC,0,Otros,SOCYA,
2021-03-28,Archivo,1607,Papeles y Cartones,SOCYA,
2021-03-28,Plega,8,Plásticos,SOCYA,
2021-03-28,Cartón,0,Papeles y Cartones,SOCYA,
2021-03-28,Plástico,"663,7",Plásticos,SOCYA,
2021-03-28,Palos de Escoba,37,Otros,SOCYA,
2021-03-28,Cartón,"869,5",Papeles y Cartones,SOCYA,
2021-03-28,Pasta,0,Plásticos,SOCYA,
2021-03-28,Tetrapak,14,Papeles y Cartones,SOCYA,
2021-03-28,Periódico,"38,5",Papeles y Cartones,SOCYA,
2021-03-28,Aluminio,12,Metales,SOCYA,
2021-03-28,Vidrio,120,Vidrios,SOCYA,
2021-03-28,PVC,0,Otros,SOCYA,
2021-03-28,Icopor,27,Otros,SOCYA,
2021-03-28,Pet,62,Plásticos,SOCYA,
2021-03-28,Plega,152,Papeles y Cartones,SOCYA,
2021-03-28,Chatarra,1880,Metales,SOCYA,
2021-04-28,Aluminio,"6,8",Metales,Recimed,
2021-04-28,PVC,"139,2",Otros,Recimed,
2021-04-28,Icopor,0,Otros,Recimed,
2021-04-28,Periódico,"17,5",Papeles y Cartones,Recimed,
2021-04-28,Plega,0,Plásticos,Recimed,
2021-04-28,Archivo,"213,7",Papeles y Cartones,Recimed,
2021-04-28,Palos de Escoba,63,Otros,Recimed,
2021-04-28,Pasta,"57,6",Plásticos,Recimed,
2021-04-28,Plástico,39,Plásticos,Recimed,
2021-04-28,Vidrio,"23,8",Vidrios,Recimed,
2021-04-28,Tetrapak,"53,6",Papeles y Cartones,Recimed,
2021-04-28,Pet,"24,4",Plásticos,Recimed,
2021-04-28,Chatarra,"1132,5",Metales,Recimed,
2021-04-28,Cartón,16,Papeles y Cartones,Recimed,
2021-04-28,Cartón,230,Papeles y Cartones,Recimed,
2021-04-28,Plega,"81,8",Papeles y Cartones,Recimed,
2021-05-28,Pasta,7,Plásticos,Recimed,
2021-05-28,Chatarra,"25,8",Metales,Recimed,
2021-05-28,Plega,"58,2",Papeles y Cartones,Recimed,
2021-05-28,Periódico,50,Papeles y Cartones,Recimed,
2021-05-28,Aluminio,0,Metales,Recimed,
2021-05-28,Vidrio,0,Vidrios,Recimed,
2021-05-28,Plega,0,Plásticos,Recimed,
2021-05-28,Cartón,"70,4",Papeles y Cartones,Recimed,
2021-05-28,Icopor,0,Otros,Recimed,
2021-05-28,PVC,"5,6",Otros,Recimed,
2021-05-28,Plástico,"15,2",Plásticos,Recimed,
2021-05-28,Tetrapak,0,Papeles y Cartones,Recimed,
2021-05-28,Archivo,"102,6",Papeles y Cartones,Recimed,
2021-05-28,Pet,"6,2",Plásticos,Recimed,
2021-05-28,Palos de Escoba,0,Otros,Recimed,
2021-05-28,Cartón,0,Papeles y Cartones,Recimed,
2021-06-28,Pasta,214,Plásticos,Recimed,
2021-06-28,Periódico,"79,3",Papeles y Cartones,Recimed,
2021-06-28,Palos de Escoba,15,Otros,Recimed,
2021-06-28,PVC,"14,3",Otros,Recimed,
2021-06-28,Icopor,0,Otros,Recimed,
2021-06-28,Pet,51,Plásticos,Recimed,
2021-06-28,Plástico,"273,1",Plásticos,Recimed,
2021-06-28,Aluminio,0,Metales,Recimed,
2021-06-28,Archivo,"968,7",Papeles y Cartones,Recimed,
2021-06-28,Cartón,"1067,9",Papeles y Cartones,Recimed,
2021-06-28,Plega,"368,6",Papeles y Cartones,Recimed,
2021-06-28,Chatarra,"1936,3",Metales,Recimed,
2021-06-28,Cartón,0,Papeles y Cartones,Recimed,
2021-06-28,Tetrapak,0,Papeles y Cartones,Recimed,
2021-06-28,Vidrio,28,Vidrios,Recimed,
2021-06-28,Plega,0,Plásticos,Recimed,
2021-07-28,Vidrio,"41,8",Vidrios,Recimed,
2021-07-28,Aluminio,0,Metales,Recimed,
2021-07-28,Archivo,"240,9",Papeles y Cartones,Recimed,
2021-07-28,Cartón,"236,4",Papeles y Cartones,Recimed,
2021-07-28,PVC,0,Otros,Recimed,
2021-07-28,Tetrapak,0,Papeles y Cartones,Recimed,
2021-07-28,Chatarra,"1787,9",Metales,Recimed,
2021-07-28,Pasta,"40,3",Plásticos,Recimed,
2021-07-28,Periódico,"34,2",Papeles y Cartones,Recimed,
2021-07-28,Plega,0,Plásticos,Recimed,
2021-07-28,Plega,"186,5",Papeles y Cartones,Recimed,
2021-07-28,Pet,"28,8",Plásticos,Recimed,
2021-07-28,Icopor,0,Otros,Recimed,
2021-07-28,Cartón,0,Papeles y Cartones,Recimed,
2021-07-28,Palos de Escoba,0,Otros,Recimed,
2021-07-28,Plástico,59,Plásticos,Recimed,
2021-08-28,Vidrio,"74,3",Vidrios,Recimed,
2021-08-28,PVC,"143,8",Otros,Recimed,
2021-08-28,Tetrapak,0,Papeles y Cartones,Recimed,
2021-08-28,Cartón,"340,7",Papeles y Cartones,Recimed,
2021-08-28,Plástico,"123,3",Plásticos,Recimed,
2021-08-28,Periódico,"77,1",Papeles y Cartones,Recimed,
2021-08-28,Pasta,"298,2",Plásticos,Recimed,
2021-08-28,Palos de Escoba,130,Otros,Recimed,
2021-08-28,Cartón,0,Papeles y Cartones,Recimed,
2021-08-28,Icopor,0,Otros,Recimed,
2021-08-28,Aluminio,"8,6",Metales,Recimed,
2021-08-28,Pet,"95,9",Plásticos,Recimed,
2021-08-28,Plega,"325,6",Papeles y Cartones,Recimed,
2021-08-28,Archivo,"758,3",Papeles y Cartones,Recimed,
2021-08-28,Chatarra,"846,8",Metales,Recimed,
2021-08-28,Plega,0,Plásticos,Recimed,
2021-09-28,Periódico,"102,5",Papeles y Cartones,Recimed,
2021-09-28,PVC,"79,8",Otros,Recimed,
2021-09-28,Palos de Escoba,141,Otros,Recimed,
2021-09-28,Aluminio,"9,3",Metales,Recimed,
2021-09-28,Cartón,"675,4",Papeles y Cartones,Recimed,
2021-09-28,Icopor,0,Otros,Recimed,
2021-09-28,Chatarra,"2670,7",Metales,Recimed,
2021-09-28,Plega,0,Plásticos,Recimed,
2021-09-28,Archivo,"622,5",Papeles y Cartones,Recimed,
2021-09-28,Tetrapak,0,Papeles y Cartones,Recimed,
2021-09-28,Cartón,35,Papeles y Cartones,Recimed,
2021-09-28,Plástico,"145,5",Plásticos,Recimed,
2021-09-28,Pet,"102,8",Plásticos,Recimed,
2021-09-28,Pasta,404,Plásticos,Recimed,
2021-09-28,Vidrio,"110,5",Vidrios,Recimed,
2021-09-28,Plega,"312,3",Papeles y Cartones,Recimed,
2021-10-28,Pasta,"123,2",Plásticos,Recimed,
2021-10-28,Tetrapak,0,Papeles y Cartones,Recimed,
2021-10-28,Plástico,"45,7",Plásticos,Recimed,
2021-10-28,Vidrio,"45,8",Vidrios,Recimed,
2021-10-28,Chatarra,"1199,2",Metales,Recimed,
2021-10-28,Aluminio,"26,1",Metales,Recimed,
2021-10-28,Cartón,"30,7",Papeles y Cartones,Recimed,
2021-10-28,Cartón,23,Papeles y Cartones,Recimed,
2021-10-28,Periódico,"43,3",Papeles y Cartones,Recimed,
2021-10-28,PVC,54,Otros,Recimed,
2021-10-28,Pet,"65,3",Plásticos,Recimed,
2021-10-28,Palos de Escoba,34,Otros,Recimed,
2021-10-28,Plega,"459,3",Papeles y Cartones,Recimed,
2021-10-28,Icopor,0,Otros,Recimed,
2021-10-28,Archivo,"1378,4",Papeles y Cartones,Recimed,
2021-10-28,Plega,0,Plásticos,Recimed,
2021-11-28,Cartón,35,Papeles y Cartones,Recimed,
2021-11-28,Palos de Escoba,63,Otros,Recimed,
2021-11-28,Pasta,"142,8",Plásticos,Recimed,
2021-11-28,PVC,67,Otros,Recimed,
2021-11-28,Plega,0,Plásticos,Recimed,
2021-11-28,Aluminio,24,Metales,Recimed,
2021-11-28,Chatarra,"363,6",Metales,Recimed,
2021-11-28,Vidrio,"99,9",Vidrios,Recimed,
2021-11-28,Tetrapak,0,Papeles y Cartones,Recimed,
2021-11-28,Icopor,0,Otros,Recimed,
2021-11-28,Plástico,"131,3",Plásticos,Recimed,
2021-11-28,Plega,"134,2",Papeles y Cartones,Recimed,
2021-11-28,Pet,70,Plásticos,Recimed,
2021-11-28,Cartón,2940,Papeles y Cartones,Recimed,
2021-11-28,Periódico,"69,9",Papeles y Cartones,Recimed,
2021-11-28,Archivo,"1190,9",Papeles y Cartones,Recimed,
2021-12-28,PVC,"60,7",Otros,Recimed,
2021-12-28,Vidrio,"250,1",Vidrios,Recimed,
2021-12-28,Cartón,30,Papeles y Cartones,Recimed,
2021-12-28,Tetrapak,0,Papeles y Cartones,Recimed,
2021-12-28,Cartón,821,Papeles y Cartones,Recimed,
2021-12-28,Archivo,"630,7",Papeles y Cartones,Recimed,
2021-12-28,Plega,0,Plásticos,Recimed,
2021-12-28,Plástico,"484,2",Plásticos,Recimed,
2021-12-28,Icopor,0,Otros,Recimed,
2021-12-28,Chatarra,"4820,4",Metales,Recimed,
2021-12-28,Palos de Escoba,76,Otros,Recimed,
2021-12-28,Aluminio,"20,4",Metales,Recimed,
2021-12-28,Pasta,"115,1",Plásticos,Recimed,
2021-12-28,Periódico,31,Papeles y Cartones,Recimed,
2021-12-28,Plega,75,Papeles y Cartones,Recimed,
2021-12-28,Pet,"179,3",Plásticos,Recimed,
2022-01-28,Aluminio,"251,5",Metales,Recimed,
2022-01-28,Palos de Escoba,41,Otros,Recimed,
2022-01-28,Acero,0,Metales,Recimed,
2022-01-28,Pasta,"91,2",Plásticos,Recimed,
2022-01-28,Plega,"152,4",Plásticos,Recimed,
2022-01-28,Vidrio,"367,9",Vidrios,Recimed,
2022-01-28,Archivo,"998,2",Papeles y Cartones,Recimed,
2022-01-28,Cobre,0,Metales,Recimed,
2022-01-28,Periódico,95,Papeles y Cartones,Recimed,
2022-01-28,Pet,"156,7",Plásticos,Recimed,
2022-01-28,Plástico,"82,2",Plásticos,Recimed,
2022-01-28,Chatarra,"6947,6",Metales,Recimed,
2022-01-28,PVC,85,Plásticos,Recimed,
2022-01-28,Cartón,"219,8",Papeles y Cartones,Recimed,
2022-01-28,Cartón,34,Papeles y Cartones,Recimed,
2022-01-28,Antimonio,0,Metales,Recimed,
2022-02-28,Pasta,198,Plásticos,Recimed,
2022-02-28,Vidrio,"338,8",Vidrios,Recimed,
2022-02-28,Plástico,128,Plásticos,Recimed,
2022-02-28,Periódico,2,Papeles y Cartones,Recimed,
2022-02-28,Cartón,0,Papeles y Cartones,Recimed,
2022-02-28,PVC,"42,4",Plásticos,Recimed,
2022-02-28,Cobre,229,Metales,Recimed,
2022-02-28,Plega,"393,6",Plásticos,Recimed,
2022-02-28,Archivo,"970,8",Papeles y Cartones,Recimed,
2022-02-28,Antimonio,"15,2",Metales,Recimed,
2022-02-28,Acero,3,Metales,Recimed,
2022-02-28,Palos de Escoba,49,Otros,Recimed,
2022-02-28,Pet,"220,8",Plásticos,Recimed,
2022-02-28,Chatarra,"2944,6",Metales,Recimed,
2022-02-28,Aluminio,29,Metales,Recimed,
2022-02-28,Cartón,"666,3",Papeles y Cartones,Recimed,
2022-03-28,Vidrio,"192,00",Vidrios,Recimed,Volador
2022-03-28,Cartón,"427,90",Papeles y Cartones,Recimed,Volador
2022-03-28,Pasta,"106,80",Plásticos,Recimed,Robledo
2022-03-28,Cobre,"0,00",Metales,Recimed,Volador
2022-03-28,Pasta,"59,90",Plásticos,Recimed,Volador
2022-03-28,Cartón,"0,00",Papeles y Cartones,Recimed,Volador
2022-03-28,Plástico,"81,30",Plásticos,Recimed,Robledo
2022-03-28,Plástico,"44,20",Plásticos,Recimed,Volador
2022-03-28,Cartón,"287,60",Papeles y Cartones,Recimed,Robledo
2022-03-28,Acero,"0,00",Metales,Recimed,Robledo
2022-03-28,Plega,"196,10",Papeles y Cartones,Recimed,Volador
2022-03-28,Plega,"170,60",Papeles y Cartones,Recimed,Robledo
2022-03-28,PVC,"0,00",Otros,Recimed,Volador
2022-03-28,PVC,"16,00",Otros,Recimed,Robledo
2022-03-28,Acero,0,Metales,Recimed,Volador
2022-03-28,Archivo,"235,00",Papeles y Cartones,Recimed,Robledo
2022-03-28,Aluminio,"3,20",Metales,Recimed,Robledo
2022-03-28,Plega,"0,00",Plásticos,Recimed,Volador
2022-03-28,Aluminio,"32,60",Metales,Recimed,Volador
2022-03-28,Vidrio,"110,60",Vidrios,Recimed,Robledo
2022-03-28,Pet,"176,90",Plásticos,Recimed,Volador
2022-03-28,Pet,"133,00",Plásticos,Recimed,Robledo
2022-03-28,Chatarra,"4.464,00",Metales,Recimed,Volador
2022-03-28,Aluminio,"0,00",Metales,Recimed,Volador
2022-03-28,Chatarra,"511,30",Metales,Recimed,Robledo
2022-03-28,Aluminio,"164,60",Metales,Recimed,Volador
2022-03-28,Archivo,"410,10",Papeles y Cartones,Recimed,Volador
2022-03-28,Palos de Escoba,"0,00",Otros,Recimed,Volador
2022-03-28,Palos de Escoba,"27,00",Otros,Recimed,Robledo
2022-03-28,Periódico,"33,30",Papeles y Cartones,Recimed,Volador
2022-03-28,Periódico,"17,00",Papeles y Cartones,Recimed,Robledo
2022-03-28,Aluminio,"0,00",Metales,Recimed,Robledo
2022-04-28,Pet,"305,10",Plásticos,Recimed,Volador
2022-04-28,Cartón,"57,00",Papeles y Cartones,Recimed,Robledo
2022-04-28,Plega,"17,80",Papeles y Cartones,Recimed,Robledo
2022-04-28,Plega,"266,00",Papeles y Cartones,Recimed,Volador
2022-04-28,Pet,"25,00",Plásticos,Recimed,Robledo
2022-04-28,Cartón,"572,40",Papeles y Cartones,Recimed,Volador
2022-04-28,Chatarra,"660,00",Metales,Recimed,Volador
2022-04-28,Vidrio,"89,90",Vidrios,Recimed,Volador
2022-04-28,Plástico,"12,40",Plásticos,Recimed,Volador
2022-04-28,Chatarra,"493,40",Metales,Recimed,Robledo
2022-04-28,Periódico,"30,80",Papeles y Cartones,Recimed,Volador
2022-04-28,Periódico,"0,00",Papeles y Cartones,Recimed,Robledo
2022-04-28,Plástico,"16,20",Plásticos,Recimed,Robledo
2022-04-28,Plega,"0,00",Plásticos,Recimed,Volador
2022-04-28,Cobre,"0,00",Metales,Recimed,Volador
2022-04-28,Vidrio,"24,40",Vidrios,Recimed,Robledo
2022-04-28,Palos de Escoba,"0,00",Otros,Recimed,Volador
2022-04-28,Acero,"0,00",Metales,Recimed,Robledo
2022-04-28,Pasta,"73,60",Plásticos,Recimed,Robledo
2022-04-28,Pasta,"204,90",Plásticos,Recimed,Volador
2022-04-28,Palos de Escoba,"7,00",Otros,Recimed,Robledo
2022-04-28,PVC,"0,00",Otros,Recimed,Volador
2022-04-28,Aluminio,"0,00",Metales,Recimed,Robledo
2022-04-28,Cartón,"0,00",Papeles y Cartones,Recimed,Volador
2022-04-28,Aluminio,"0,00",Metales,Recimed,Robledo
2022-04-28,Archivo,"390,20",Papeles y Cartones,Recimed,Volador
2022-04-28,PVC,"5,60",Otros,Recimed,Robledo
2022-04-28,Aluminio,"0,00",Metales,Recimed,Volador
2022-04-28,Acero,0,Metales,Recimed,Volador
2022-04-28,Aluminio,"0,00",Metales,Recimed,Volador
2022-04-28,Archivo,"192,80",Papeles y Cartones,Recimed,Robledo
2022-04-28,Aluminio,"0,00",Metales,Recimed,Volador
2022-05-28,Cartón,"339,60",Papeles y Cartones,Recimed,Volador
2022-05-28,Palos de Escoba,"1,00",Otros,Recimed,Robledo
2022-05-28,Palos de Escoba,"0,00",Otros,Recimed,Volador
2022-05-28,Vidrio,"710,30",Vidrios,Recimed,Volador
2022-05-28,Vidrio,"181,40",Vidrios,Recimed,Robledo
2022-05-28,Chatarra,"381,70",Metales,Recimed,Robledo
2022-05-28,Archivo,"163,10",Papeles y Cartones,Recimed,Robledo
2022-05-28,Cartón,"389,90",Papeles y Cartones,Recimed,Robledo
2022-05-28,PVC,"0,00",Otros,Recimed,Volador
2022-05-28,Pet,"445,80",Plásticos,Recimed,Volador
2022-05-28,Chatarra,"1.178,10",Metales,Recimed,Volador
2022-05-28,Pet,"138,70",Plásticos,Recimed,Robledo
2022-05-28,Periódico,"54,90",Papeles y Cartones,Recimed,Volador
2022-05-28,Cartón,"3,84",Papeles y Cartones,Recimed,Volador
2022-05-28,PVC,"23,00",Otros,Recimed,Robledo
2022-05-28,Archivo,"608,50",Papeles y Cartones,Recimed,Volador
2022-05-28,Plástico,"67,30",Plásticos,Recimed,Volador
2022-05-28,Periódico,"0,00",Papeles y Cartones,Recimed,Robledo
2022-05-28,Plega,"298,30",Papeles y Cartones,Recimed,Volador
2022-05-28,Plástico,"39,50",Plásticos,Recimed,Robledo
2022-05-28,Acero,"10,90",Metales,Recimed,Robledo
2022-05-28,Aluminio,"8,40",Metales,Recimed,Robledo
2022-05-28,Plega,"174,40",Papeles y Cartones,Recimed,Robledo
2022-05-28,Aluminio,"0,00",Metales,Recimed,Volador
2022-05-28,Aluminio,"0,90",Metales,Recimed,Robledo
2022-05-28,Cobre,"74,00",Metales,Recimed,Volador
2022-05-28,Plega,"0,00",Plásticos,Recimed,Volador
2022-05-28,Pasta,"69,70",Plásticos,Recimed,Volador
2022-05-28,Pasta,"182,00",Plásticos,Recimed,Robledo
2022-05-28,Aluminio,"23,80",Metales,Recimed,Volador
2022-05-28,Acero,24,Metales,Recimed,Volador
2022-05-28,Aluminio,"0,00",Metales,Recimed,Volador
2022-06-28,Plega,"220,10",Papeles y Cartones,Recimed,Volador
2022-06-28,PVC,"0,00",Otros,Recimed,Robledo
2022-06-28,PVC,"14,90",Otros,Recimed,Volador
2022-06-28,Archivo,"542,30",Papeles y Cartones,Recimed,Volador
2022-06-28,Archivo,"86,20",Papeles y Cartones,Recimed,Robledo
2022-06-28,Pet,"143,10",Plásticos,Recimed,Volador
2022-06-28,Plega,"19,80",Papeles y Cartones,Recimed,Robledo
2022-06-28,Pet,"40,00",Plásticos,Recimed,Robledo
2022-06-28,Acero,"0,00",Metales,Recimed,Robledo
2022-06-28,Periódico,"39,90",Papeles y Cartones,Recimed,Volador
2022-06-28,Pasta,"81,00",Plásticos,Recimed,Volador
2022-06-28,Plástico,"133,40",Plásticos,Recimed,Volador
2022-06-28,Cartón,"0,00",Papeles y Cartones,Recimed,Volador
2022-06-28,Periódico,"0,00",Papeles y Cartones,Recimed,Robledo
2022-06-28,Acero,0,Metales,Recimed,Volador
2022-06-28,Cartón,"460,30",Papeles y Cartones,Recimed,Volador
2022-06-28,Chatarra,"48,60",Metales,Recimed,Robledo
2022-06-28,Palos de Escoba,"0,00",Otros,Recimed,Robledo
2022-06-28,Chatarra,"122,00",Metales,Recimed,Volador
2022-06-28,Plega,"0,00",Plásticos,Recimed,Volador
2022-06-28,Aluminio,"0,00",Metales,Recimed,Robledo
2022-06-28,Aluminio,"0,00",Metales,Recimed,Volador
2022-06-28,Aluminio,"0,00",Metales,Recimed,Volador
2022-06-28,Vidrio,"161,30",Vidrios,Recimed,Volador
2022-06-28,Palos de Escoba,"29,00",Otros,Recimed,Volador
2022-06-28,Cobre,"0,00",Metales,Recimed,Volador
2022-06-28,Aluminio,"5,10",Metales,Recimed,Volador
2022-06-28,Vidrio,"70,20",Vidrios,Recimed,Robledo
2022-06-28,Pasta,"23,40",Plásticos,Recimed,Robledo
2022-06-28,Plástico,"3,20",Plásticos,Recimed,Robledo
2022-06-28,Cartón,"37,00",Papeles y Cartones,Recimed,Robledo
2022-06-28,Aluminio,"0,00",Metales,Recimed,Robledo
2022-07-28,Aluminio,"0,00",Metales,Recimed,Volador
2022-07-28,Aluminio,"0,00",Metales,Recimed,Volador
2022-07-28,Aluminio,"0,00",Metales,Recimed,Robledo
2022-07-28,Archivo,"101,20",Papeles y Cartones,Recimed,Robledo
2022-07-28,Aluminio,"0,00",Metales,Recimed,Robledo
2022-07-28,Archivo,"1.707,00",Papeles y Cartones,Recimed,Volador
2022-07-28,Aluminio,"48,80",Metales,Recimed,Volador
2022-07-28,Acero,"0,00",Metales,Recimed,Robledo
2022-07-28,PVC,"0,00",Otros,Recimed,Volador
2022-07-28,PVC,"0,00",Otros,Recimed,Robledo
2022-07-28,Palos de Escoba,"0,00",Otros,Recimed,Volador
2022-07-28,Palos de Escoba,"0,00",Otros,Recimed,Robledo
2022-07-28,Pasta,"0,00",Plásticos,Recimed,Robledo
2022-07-28,Acero,0,Metales,Recimed,Volador
2022-07-28,Cartón,"75,40",Papeles y Cartones,Recimed,Robledo
2022-07-28,Plega,"53,10",Papeles y Cartones,Recimed,Robledo
2022-07-28,Chatarra,"0,00",Metales,Recimed,Volador
2022-07-28,Plega,"812,00",Papeles y Cartones,Recimed,Volador
2022-07-28,Cartón,"111,40",Papeles y Cartones,Recimed,Volador
2022-07-28,Vidrio,"72,00",Vidrios,Recimed,Robledo
2022-07-28,Vidrio,"0,00",Vidrios,Recimed,Volador
2022-07-28,Periódico,"18,00",Papeles y Cartones,Recimed,Volador
2022-07-28,Pet,"53,80",Plásticos,Recimed,Robledo
2022-07-28,Pet,"376,30",Plásticos,Recimed,Volador
2022-07-28,Periódico,"0,00",Papeles y Cartones,Recimed,Robledo
2022-07-28,Cartón,"0,00",Papeles y Cartones,Recimed,Volador
2022-07-28,Pasta,"201,30",Plásticos,Recimed,Volador
2022-07-28,Plástico,"217,40",Plásticos,Recimed,Volador
2022-07-28,Plástico,"15,50",Plásticos,Recimed,Robledo
2022-07-28,Plega,"0,00",Plásticos,Recimed,Volador
2022-07-28,Chatarra,"113,40",Metales,Recimed,Robledo
2022-07-28,Cobre,"0,00",Metales,Recimed,Volador
2022-08-28,Pet,"287,90",Plásticos,Recimed,Volador
2022-08-28,Plástico,"5,20",Plásticos,Recimed,Robledo
2022-08-28,Plega,"1,20",Papeles y Cartones,Recimed,Robledo
2022-08-28,Archivo,"0,00",Papeles y Cartones,Recimed,Robledo
2022-08-28,PVC,"155,80",Otros,Recimed,Robledo
2022-08-28,Pet,"22,40",Plásticos,Recimed,Robledo
2022-08-28,Palos de Escoba,"90,00",Otros,Recimed,Volador
2022-08-28,Chatarra,"2.050,90",Metales,Recimed,Volador
2022-08-28,Acero,"8,50",Metales,Recimed,Volador
2022-08-28,Plega,"10,50",Plásticos,Recimed,Volador
2022-08-28,Cobre,"0,00",Metales,Recimed,Volador
2022-08-28,Archivo,"1.575,00",Papeles y Cartones,Recimed,Volador
2022-08-28,Plega,"1.067,90",Papeles y Cartones,Recimed,Volador
2022-08-28,PVC,"73,20",Otros,Recimed,Volador
2022-08-28,Acero,"0,00",Metales,Recimed,Robledo
2022-08-28,Chatarra,"318,40",Metales,Recimed,Robledo
2022-08-28,Plástico,"176,10",Plásticos,Recimed,Volador
2022-08-28,Cartón,"0,00",Papeles y Cartones,Recimed,Volador
2022-08-28,Palos de Escoba,"0,00",Otros,Recimed,Robledo
2022-08-28,Aluminio,"0,00",Metales,Recimed,Robledo
2022-08-28,Periódico,"26,70",Papeles y Cartones,Recimed,Volador
2022-08-28,Periódico,"0,00",Papeles y Cartones,Recimed,Robledo
2022-08-28,Aluminio,"0,00",Metales,Recimed,Volador
2022-08-28,Aluminio,"27,40",Metales,Recimed,Volador
2022-08-28,Aluminio,"10,80",Metales,Recimed,Volador
2022-08-28,Pasta,"116,20",Plásticos,Recimed,Volador
2022-08-28,Vidrio,"740,40",Vidrios,Recimed,Volador
2022-08-28,Vidrio,"22,20",Vidrios,Recimed,Robledo
2022-08-28,Cartón,"94,80",Papeles y Cartones,Recimed,Robledo
2022-08-28,Aluminio,"0,00",Metales,Recimed,Robledo
2022-08-28,Cartón,"1.357,10",Papeles y Cartones,Recimed,Volador
2022-08-28,Pasta,"38,40",Plásticos,Recimed,Robledo
2022-09-28,Periódico,"11,2",Papeles y Cartones,Recimed,Volador
2022-09-28,Palos de Escoba,"34,00",Otros,Recimed,Volador
2022-09-28,Cartón,"728,00",Papeles y Cartones,Recimed,Volador
2022-09-28,Chatarra,"253,30",Metales,Recimed,Volador
2022-09-28,Cartón,"47,00",Papeles y Cartones,Recimed,Volador
2022-09-28,Pet,"398,10",Plásticos,Recimed,Volador
2022-09-28,Aluminio,"60,40",Metales,Recimed,Volador
2022-09-28,Plega,"962,80",Papeles y Cartones,Recimed,Volador
2022-09-28,PVC,"75,90",Otros,Recimed,Volador
2022-09-28,Vaso desechable,"20,2",Plásticos,Recimed,Volador
2022-09-28,Vidrio,"432,70",Vidrios,Recimed,Volador
2022-09-28,Archivo,"721,10",Papeles y Cartones,Recimed,Volador
2022-09-28,Plástico,"167,30",Plásticos,Recimed,Volador
2022-09-28,Pasta,"168,40",Plásticos,Recimed,Volador
2022-09-28,Pet,"93,70",Plásticos,Recimed,Robledo
2022-09-28,Vidrio,"138,80",Vidrios,Recimed,Robledo
2022-09-28,Aluminio,"7,10",Metales,Recimed,Robledo
2022-09-28,Cartón,"175,10",Papeles y Cartones,Recimed,Robledo
2022-09-28,Chatarra,"23,20",Metales,Recimed,Robledo
2022-09-28,Cartón,"0,00",Papeles y Cartones,Recimed,Robledo
2022-09-28,Palos de Escoba,"32,00",Otros,Recimed,Robledo
2022-09-28,Pasta,"60,00",Plásticos,Recimed,Robledo
2022-09-28,Plega,"86,80",Papeles y Cartones,Recimed,Robledo
2022-09-28,Plástico,"61,80",Plásticos,Recimed,Robledo
2022-09-28,PVC,"41,20",Otros,Recimed,Robledo
2022-09-28,Vaso desechable,0,Plásticos,Recimed,Robledo
2022-09-28,Archivo,"202,80",Papeles y Cartones,Recimed,Robledo
2022-09-28,Periódico,"1,2",Papeles y Cartones,Recimed,Robledo
2022-10-28,Plástico,"269,00",Plásticos,Recimed,Volador
2022-10-28,Vaso desechable,"22,5",Plásticos,Recimed,Volador
2022-10-28,PVC,"0,00",Otros,Recimed,Volador
2022-10-28,Plega,"876,7",Papeles y Cartones,Recimed,Volador
2022-10-28,Pet,"336,80",Plásticos,Recimed,Volador
2022-10-28,Vidrio,"499,90",Vidrios,Recimed,Volador
2022-10-28,Palos de Escoba,0,Otros,Recimed,Volador
2022-10-28,Pasta,"136,60",Plásticos,Recimed,Volador
2022-10-28,Cartón,"156,00",Papeles y Cartones,Recimed,Volador
2022-10-28,Chatarra,"219,30",Metales,Recimed,Volador
2022-10-28,Cartón,"585,60",Papeles y Cartones,Recimed,Volador
2022-10-28,Periódico,"21,2",Papeles y Cartones,Recimed,Volador
2022-10-28,Archivo,"367,40",Papeles y Cartones,Recimed,Volador
2022-10-28,Aluminio,"125,70",Metales,Recimed,Volador
2022-10-28,Archivo,"139,00",Papeles y Cartones,Recimed,Robledo
2022-10-28,PVC,"0,00",Otros,Recimed,Robledo
2022-10-28,Plega,"54,8",Papeles y Cartones,Recimed,Robledo
2022-10-28,Plástico,"5,60",Plásticos,Recimed,Robledo
2022-10-28,Vaso desechable,0,Plásticos,Recimed,Robledo
2022-10-28,Pet,"62,00",Plásticos,Recimed,Robledo
2022-10-28,Periódico,"6,2",Papeles y Cartones,Recimed,Robledo
2022-10-28,Palos de Escoba,13,Otros,Recimed,Robledo
2022-10-28,Pasta,"0,00",Plásticos,Recimed,Robledo
2022-10-28,Cartón,"0,00",Papeles y Cartones,Recimed,Robledo
2022-10-28,Chatarra,"15,80",Metales,Recimed,Robledo
2022-10-28,Cartón,"128,80",Papeles y Cartones,Recimed,Robledo
2022-10-28,Aluminio,"0,00",Metales,Recimed,Robledo
2022-10-28,Vidrio,"88,80",Vidrios,Recimed,Robledo
